{"name":"New scene","objId":51,"roots":[{"active":true,"children":[{"active":true,"children":[],"comps":[["TransformComponent",{"pos":[0.0,8.0,20.0],"rot":[0.0,0.0,0.0,1.0],"scale":[1.0,1.0,1.0]}],["CameraComponent",{"aspect":2.177952766418457,"far":1000.0,"fov":45.0,"lock":true,"name":"default_camera","near":1.0,"ortho":false,"orthoH":0.0,"orthoW":0.0,"pos":[0.0,8.0,20.0],"rot":[0.0,0.0,0.0,1.0],"scale":[1.0,1.0,1.0],"scrOff":[0.0,0.0],"scrRad":0.0,"scrScale":[1.0,1.0],"target":[0.0,0.0,0.0],"targetId":0,"up":1,"wBase":false}]],"gui":false,"id":1,"name":"Default Camera"},{"active":true,"children":[],"comps":[["TransformComponent",{"pos":[-0.0006201267242431641,1.649999976158142,0.0],"rot":[0.0,0.0,0.0,1.0],"scale":[3.0,3.0,3.0]}],["FigureComponent",{"path":"figure\\Sapphiart\\Sapphiart.pyxf"}],["ScriptComponent",{"path":"chacter"}]],"gui":false,"id":34,"name":"Character"},{"active":true,"children":[],"comps":[["TransformComponent",{"pos":[0.0,0.0,0.0],"rot":[0.0,0.0,0.0,1.0],"scale":[4.0,4.0,4.0]}],["FigureComponent",{"path":"figure\\SnowTerrain\\SnowTerrain.pyxf"}]],"gui":false,"id":35,"name":"Ground"}],"comps":[["TransformComponent",{"pos":[0.0,0.0,0.0],"rot":[0.0,0.0,0.0,1.0],"scale":[1.0,1.0,1.0]}],["EnvironmentComponent",{"ambDir":[0.0,-1.0,0.0],"ambGndCol":[0.5,0.5,0.5],"ambSkyCol":[0.6000000238418579,0.6000000238418579,0.6000000238418579],"dirCol_0":[0.5,0.5,0.5],"dirCol_1":[0.5,0.5,0.5],"dirCol_2":[0.5,0.5,0.5],"dirDir_0":[0.5773502588272095,0.5773502588272095,0.5773502588272095],"dirDir_1":[0.40824830532073975,0.8164966106414795,0.40824830532073975],"dirDir_2":[0.40824830532073975,0.8164966106414795,0.40824830532073975],"dirInt_0":1.0,"dirInt_1":1.0,"dirInt_2":1.0,"fogAlpha":1.0,"fogCol":[1.0,1.0,1.0],"fogFar":50.0,"fogNear":0.10000000149011612,"name":"environment","pointCol_0":[1.0,1.0,1.0],"pointCol_1":[1.0,1.0,1.0],"pointCol_2":[1.0,1.0,1.0],"pointCol_3":[1.0,1.0,1.0],"pointCol_4":[1.0,1.0,1.0],"pointCol_5":[1.0,1.0,1.0],"pointCol_6":[1.0,1.0,1.0],"pointInt_0":0.30000001192092896,"pointInt_1":0.30000001192092896,"pointInt_2":0.30000001192092896,"pointInt_3":0.30000001192092896,"pointInt_4":0.30000001192092896,"pointInt_5":0.30000001192092896,"pointInt_6":0.30000001192092896,"pointPos_0":[0.0,100.00000762939453,0.0],"pointPos_1":[0.0,100.00000762939453,0.0],"pointPos_2":[0.0,100.00000762939453,0.0],"pointPos_3":[0.0,100.00000762939453,0.0],"pointPos_4":[0.0,100.00000762939453,0.0],"pointPos_5":[0.0,100.00000762939453,0.0],"pointPos_6":[0.0,100.00000762939453,0.0],"pointRng_0":100.0,"pointRng_1":100.0,"pointRng_2":100.0,"pointRng_3":100.0,"pointRng_4":100.0,"pointRng_5":100.0,"pointRng_6":100.0,"shadowCol":[0.0,0.0,0.0],"shadowDensity":0.5,"shadowWideness":1000.0}]],"gui":false,"id":0,"name":"New scene"},{"active":true,"children":[{"active":true,"children":[],"comps":[["RectTransform",{"anchor":[0.5,0.5,0.5,0.5],"offset":[0.0,0.0,0.0,0.0],"pivot":[0.5,0.5],"posz":0.0,"size":[0.0,0.0]}],["CameraComponent",{"aspect":1.8695229291915894,"far":5000.0,"fov":45.0,"lock":true,"name":"default_2d_camera","near":1.0,"ortho":true,"orthoH":0.0,"orthoW":0.0,"pos":[0.0,0.0,0.0],"rot":[0.0,0.0,0.0,1.0],"scale":[1.0,1.0,1.0],"scrOff":[0.0,0.0],"scrRad":0.0,"scrScale":[1.0,1.0],"target":[0.0,0.0,-1.0],"targetId":45,"up":1,"wBase":false}]],"gui":true,"id":46,"name":"GUI Camera"},{"active":true,"children":[{"active":true,"children":[],"comps":[["RectTransform",{"anchor":[0.5,0.5,0.5,0.5],"offset":[-160.0,-160.0,160.0,160.0],"pivot":[0.5,0.5],"posz":0.0,"size":[320.0,320.0]}],["UIImage",{"path":"sprite\\logo_indigames.pyxi","size":[320.0,320.0]}]],"gui":true,"id":50,"name":"UIImage"}],"comps":[["RectTransform",{"anchor":[0.0,0.0,1.0,1.0],"offset":[0.0,0.0,0.0,0.0],"pivot":[0.5,0.5],"posz":0.0,"size":[540.0,960.0]}]],"gui":true,"id":47,"name":"Logo"}],"comps":[["RectTransform",{"anchor":[0.5,0.5,0.5,0.5],"offset":[-540.0,-960.0,-540.0,-960.0],"pivot":[0.0,0.0],"posz":0.0,"size":[540.0,960.0]}],["EnvironmentComponent",{"ambDir":[0.0,-1.0,0.0],"ambGndCol":[0.5,0.5,0.5],"ambSkyCol":[0.6000000238418579,0.6000000238418579,0.6000000238418579],"dirCol_0":[0.5,0.5,0.5],"dirCol_1":[0.5,0.5,0.5],"dirCol_2":[0.5,0.5,0.5],"dirDir_0":[0.5773502588272095,0.5773502588272095,0.5773502588272095],"dirDir_1":[0.40824830532073975,0.8164966106414795,0.40824830532073975],"dirDir_2":[0.40824830532073975,0.8164966106414795,0.40824830532073975],"dirInt_0":1.0,"dirInt_1":1.0,"dirInt_2":1.0,"fogAlpha":1.0,"fogCol":[1.0,1.0,1.0],"fogFar":50.0,"fogNear":0.10000000149011612,"name":"environment","pointCol_0":[1.0,1.0,1.0],"pointCol_1":[1.0,1.0,1.0],"pointCol_2":[1.0,1.0,1.0],"pointCol_3":[1.0,1.0,1.0],"pointCol_4":[1.0,1.0,1.0],"pointCol_5":[1.0,1.0,1.0],"pointCol_6":[1.0,1.0,1.0],"pointInt_0":0.30000001192092896,"pointInt_1":0.30000001192092896,"pointInt_2":0.30000001192092896,"pointInt_3":0.30000001192092896,"pointInt_4":0.30000001192092896,"pointInt_5":0.30000001192092896,"pointInt_6":0.30000001192092896,"pointPos_0":[0.0,100.00000762939453,0.0],"pointPos_1":[0.0,100.00000762939453,0.0],"pointPos_2":[0.0,100.00000762939453,0.0],"pointPos_3":[0.0,100.00000762939453,0.0],"pointPos_4":[0.0,100.00000762939453,0.0],"pointPos_5":[0.0,100.00000762939453,0.0],"pointPos_6":[0.0,100.00000762939453,0.0],"pointRng_0":100.0,"pointRng_1":100.0,"pointRng_2":100.0,"pointRng_3":100.0,"pointRng_4":100.0,"pointRng_5":100.0,"pointRng_6":100.0,"shadowCol":[0.0,0.0,0.0],"shadowDensity":0.5,"shadowWideness":1000.0}],["Canvas",{"scale":[540.0,960.0],"size":[540.0,960.0],"targetSize":[540.0,960.0],"viewport":[[1.0,0.0,0.0,0.0],[0.0,1.0,0.0,0.0],[0.0,0.0,1.0,0.0],[-270.0,-480.0,0.0,1.0]]}],["UIImage",{"path":"sprite/rect","size":[540.0,960.0]}]],"gui":true,"id":45,"name":"Canvas"}]}