{"name":"New scene","objId":4,"roots":[{"active":true,"children":[{"active":true,"children":[],"comps":[["TransformComponent",{"pos":[0.0,5.0,41.000003814697266],"rot":[-0.05900000408291817,0.0,0.0,0.9980000257492065],"scale":[1.0,1.0,1.0]}],["CameraComponent",{"aspect":1.5433673858642578,"far":5000.0,"fov":45.0,"lock":true,"name":"default_camera","near":1.0,"ortho":false,"orthoH":0.0,"orthoW":0.0,"pan":0.0,"roll":0.0,"scrOff":[0.0,0.0],"scrRad":0.0,"scrScale":[1.0,1.0],"target":[0.0,0.0,-1.0],"targetId":0,"tilt":-0.0,"up":1,"wBase":false}]],"id":1,"name":"Default Camera","select":false},{"active":true,"children":[],"comps":[["TransformComponent",{"pos":[0.0,4.738000392913818,0.0],"rot":[0.0,0.0,0.0,1.0],"scale":[1.0,1.0,1.0]}],["FigureComponent",{"path":"figure/cube.pyxf"}],["PhysicBox",{"angularFactor":[0.0,0.0,0.0],"angularVelocity":[0.0,0.0,0.0],"friction":0.5,"isEnabled":true,"isKinematic":false,"isTrigger":false,"linearFactor":[1.0,1.0,0.0],"linearVelocity":[0.0,0.0,0.0],"mass":1.0,"restitution":1.0,"scale":[1.0,1.0,1.0],"size":[1.0,1.0,1.0]}]],"id":2,"name":"Cube","select":false},{"active":true,"children":[],"comps":[["TransformComponent",{"pos":[0.0,-2.578000068664551,0.0],"rot":[0.0,0.0,0.0,1.0],"scale":[14.750000953674316,1.0,14.450000762939453]}],["FigureComponent",{"path":"figure/plane.pyxf"}],["PhysicBox",{"angularFactor":[0.0,0.0,0.0],"angularVelocity":[0.0,0.0,0.0],"friction":0.5,"isEnabled":true,"isKinematic":true,"isTrigger":false,"linearFactor":[1.0,1.0,0.0],"linearVelocity":[0.0,0.0,0.0],"mass":1.0,"restitution":1.0,"scale":[1.0,1.0,1.0],"size":[1.0,0.10000000149011612,1.0]}]],"id":3,"name":"Plane","select":false}],"comps":[["TransformComponent",{"pos":[0.0,0.0,0.0],"rot":[0.0,0.0,0.0,1.0],"scale":[1.0,1.0,1.0]}],["EnvironmentComponent",{"ambDir":[0.0,-1.0,0.0],"ambGndCol":[0.5,0.5,0.5],"ambSkyCol":[0.10000000149011612,0.30000001192092896,0.7000000476837158],"dirCol_0":[0.5,0.5,0.5],"dirCol_1":[0.5,0.5,0.5],"dirCol_2":[0.5,0.5,0.5],"dirDir_0":[0.5770000219345093,0.5770000219345093,0.5770000219345093],"dirDir_1":[0.40800002217292786,0.8160000443458557,0.40800002217292786],"dirDir_2":[0.40800002217292786,0.8160000443458557,0.40800002217292786],"dirInt_0":1.0,"dirInt_1":1.0,"dirInt_2":1.0,"fogAlpha":1.0,"fogCol":[1.0,1.0,1.0],"fogFar":50.0,"fogNear":0.10000000149011612,"name":"environment","pointCol_0":[1.0,1.0,1.0],"pointCol_1":[1.0,1.0,1.0],"pointCol_2":[1.0,1.0,1.0],"pointCol_3":[1.0,1.0,1.0],"pointCol_4":[1.0,1.0,1.0],"pointCol_5":[1.0,1.0,1.0],"pointCol_6":[1.0,1.0,1.0],"pointInt_0":0.30000001192092896,"pointInt_1":0.30000001192092896,"pointInt_2":0.30000001192092896,"pointInt_3":0.30000001192092896,"pointInt_4":0.30000001192092896,"pointInt_5":0.30000001192092896,"pointInt_6":0.30000001192092896,"pointPos_0":[0.0,100.00000762939453,0.0],"pointPos_1":[0.0,100.00000762939453,0.0],"pointPos_2":[0.0,100.00000762939453,0.0],"pointPos_3":[0.0,100.00000762939453,0.0],"pointPos_4":[0.0,100.00000762939453,0.0],"pointPos_5":[0.0,100.00000762939453,0.0],"pointPos_6":[0.0,100.00000762939453,0.0],"pointRng_0":100.0,"pointRng_1":100.0,"pointRng_2":100.0,"pointRng_3":100.0,"pointRng_4":100.0,"pointRng_5":100.0,"pointRng_6":100.0,"shadowCol":[0.0,0.0,0.0],"shadowDensity":0.5,"shadowWideness":1000.0}]],"id":0,"name":"New scene","select":false}]}